name, gender, hobby, age, job
이하준,남,독서,58,아트
김예준,남,사진 찍기,21,기획
서수지,여,요리,21,프로그래머
황민준,남,등산,54,프로그래머
홍지후,남,그림 그리기,31,프로그래머
서지후,선택안함,여행,58,프로그래머
한시우,남,음악 감상,30,아트
조수지,여,사진 찍기,44,프로그래머
정예서,선택안함,독서,25,아트
최미주,여,요리,27,기획
김미주,선택안함,요리,40,기획
남궁하준,선택안함,요리,54,프로그래머
최예서,여,그림 그리기,58,아트
정수지,선택안함,등산,54,기획
한준우,남,여행,20,기획
최현우,선택안함,여행,56,프로그래머
최준우,선택안함,여행,53,프로그래머
서건우,남,독서,58,프로그래머
한주원,남,사진 찍기,29,기획
정도현,남,독서,34,아트
남궁지수,여,독서,53,프로그래머
황도윤,남,영화 감상,26,프로그래머
최미리,여,음악 감상,20,기획
정서준,남,음악 감상,53,프로그래머
한이서,선택안함,영화 감상,31,프로그래머
최하준,남,요리,51,기획
한미연,여,요리,47,프로그래머
남궁지수,선택안함,그림 그리기,32,아트
김시우,남,독서,26,프로그래머
서규리,선택안함,독서,35,프로그래머
한도현,남,그림 그리기,57,기획
한미연,여,요리,44,기획
조미연,여,독서,57,프로그래머
조이설,선택안함,영화 감상,28,프로그래머
김현우,남,음악 감상,32,프로그래머
한수지,여,등산,44,기획
남궁미주,선택안함,사진 찍기,45,아트
남궁건우,남,음악 감상,44,프로그래머
서도윤,선택안함,여행,21,아트
정이설,여,영화 감상,33,프로그래머
김현우,남,게임,31,기획
홍예준,선택안함,독서,28,프로그래머
황지연,여,게임,37,아트
황건우,남,게임,32,프로그래머
최예준,선택안함,요리,29,프로그래머
이준우,선택안함,사진 찍기,39,프로그래머
정예준,남,독서,48,아트
최도현,선택안함,독서,56,아트
이지수,여,사진 찍기,45,아트
김미리,선택안함,게임,53,프로그래머
한지수,선택안함,음악 감상,31,아트
홍하준,선택안함,독서,45,프로그래머
정민준,남,등산,54,프로그래머
최준우,남,영화 감상,58,프로그래머
한준우,남,독서,26,기획
조미연,여,등산,26,아트
김지후,남,여행,55,프로그래머
남궁이서,여,사진 찍기,21,아트
김지민,선택안함,영화 감상,31,기획
서현우,선택안함,영화 감상,55,아트
이주원,남,독서,38,아트
김예준,남,독서,51,프로그래머
조하준,남,그림 그리기,23,프로그래머
조하준,남,독서,20,기획
서미주,선택안함,음악 감상,52,아트
정지민,여,영화 감상,32,프로그래머
황준우,남,게임,30,아트
박예서,선택안함,영화 감상,21,프로그래머
황하영,여,독서,42,기획
김규리,여,독서,20,아트
서지수,여,등산,33,프로그래머
황수지,선택안함,사진 찍기,21,프로그래머
박준우,선택안함,요리,40,기획
박도윤,남,등산,36,아트
한이설,여,게임,35,프로그래머
서서준,선택안함,요리,21,기획
서현우,남,독서,45,프로그래머
이지연,선택안함,그림 그리기,60,기획
정미연,여,사진 찍기,55,프로그래머
김준우,남,그림 그리기,24,아트
이도윤,선택안함,게임,26,기획
한예서,선택안함,그림 그리기,34,프로그래머
정건우,남,등산,60,아트
정지수,여,독서,43,아트
한수지,여,사진 찍기,47,프로그래머
한예준,남,독서,41,아트
정지후,선택안함,여행,51,프로그래머
남궁이설,선택안함,영화 감상,37,프로그래머
정지후,남,그림 그리기,32,기획
황주원,남,독서,51,기획
이현우,선택안함,사진 찍기,57,기획
남궁지민,여,사진 찍기,54,프로그래머
황지수,선택안함,독서,34,프로그래머
황서준,선택안함,영화 감상,30,프로그래머
서지연,여,게임,43,아트
김시우,선택안함,그림 그리기,52,프로그래머
김미연,선택안함,영화 감상,21,프로그래머
홍예준,남,게임,46,아트
홍도윤,남,여행,41,프로그래머
홍지후,남,여행,49,기획
조건우,남,사진 찍기,35,프로그래머
이이설,여,게임,23,프로그래머
홍이설,여,게임,24,아트
박서준,선택안함,게임,29,기획
정하준,선택안함,등산,50,아트
조하준,남,독서,20,프로그래머
박민준,선택안함,여행,50,아트
정주원,남,여행,30,기획
한예서,선택안함,영화 감상,29,프로그래머
최시우,선택안함,독서,43,아트
남궁하준,남,영화 감상,27,기획
최지수,선택안함,요리,50,프로그래머
황하영,여,사진 찍기,38,기획
황이서,선택안함,영화 감상,52,프로그래머
이서준,선택안함,음악 감상,38,프로그래머
황미연,여,음악 감상,55,아트
정현우,남,게임,28,기획
조주원,남,그림 그리기,59,프로그래머
박지수,선택안함,독서,35,기획
황지수,여,요리,39,기획
이이서,여,여행,35,프로그래머
최설아,여,요리,48,프로그래머
서준우,남,여행,57,아트
남궁지후,선택안함,게임,25,기획
한미주,여,영화 감상,26,프로그래머
이이설,선택안함,독서,55,기획
최도윤,선택안함,영화 감상,22,기획
김지민,선택안함,게임,23,아트
서건우,남,요리,56,기획
남궁하준,남,등산,56,아트
박도윤,선택안함,등산,40,프로그래머
이민준,남,여행,27,기획
황건우,남,여행,41,아트
조미리,여,독서,58,기획
박현우,남,여행,23,기획
박설아,여,사진 찍기,26,기획
이미연,여,그림 그리기,60,아트
황하준,선택안함,음악 감상,42,기획
최미주,여,여행,55,아트
조이설,여,요리,59,아트
조준우,남,요리,59,아트
정수지,여,독서,50,기획
황지연,여,음악 감상,53,기획
김이서,여,독서,24,아트
박이설,선택안함,독서,21,프로그래머
박시우,남,사진 찍기,52,기획
박서준,선택안함,영화 감상,22,프로그래머
남궁미리,여,여행,28,아트
황건우,남,등산,47,아트
황지수,여,그림 그리기,23,기획
정지민,여,등산,44,기획
정서준,선택안함,요리,55,기획
홍미리,여,독서,40,아트
홍준우,남,영화 감상,25,프로그래머
황설아,선택안함,독서,36,기획
정현우,남,독서,57,아트
정서준,남,영화 감상,31,기획
김도현,남,음악 감상,45,프로그래머
박서준,남,게임,55,기획
이예준,남,영화 감상,48,기획
한지수,선택안함,음악 감상,40,기획
박이설,여,음악 감상,23,아트
최지민,여,그림 그리기,25,아트
황규리,여,사진 찍기,48,아트
서지민,선택안함,독서,21,아트
이설아,여,영화 감상,48,기획
조지수,선택안함,독서,52,기획
정미주,여,독서,31,프로그래머
정예서,여,여행,44,기획
정건우,남,등산,47,프로그래머
최예준,선택안함,영화 감상,22,아트
이미연,여,여행,28,기획
정규리,선택안함,음악 감상,27,기획
남궁서준,남,등산,31,기획
한하영,여,음악 감상,30,프로그래머
박건우,남,여행,53,기획
황미리,여,독서,48,기획
한이설,선택안함,음악 감상,58,프로그래머
최미리,여,게임,29,아트
한준우,남,여행,23,프로그래머
한주원,남,게임,55,프로그래머
조예서,여,음악 감상,34,기획
최지민,선택안함,게임,43,프로그래머
조미연,선택안함,독서,40,프로그래머
조설아,여,여행,24,기획
한하준,남,사진 찍기,28,기획
김예서,여,등산,36,아트
최미리,여,등산,42,기획
박미연,선택안함,독서,52,프로그래머
한예서,여,등산,45,기획
한예준,선택안함,사진 찍기,36,프로그래머
남궁미주,선택안함,요리,55,프로그래머
조하준,선택안함,음악 감상,55,프로그래머
이준우,남,게임,36,프로그래머
조하준,선택안함,여행,43,기획
홍시우,남,음악 감상,27,프로그래머
황도윤,남,게임,35,프로그래머
홍시우,선택안함,영화 감상,45,기획
정지수,선택안함,음악 감상,51,프로그래머
최지민,여,요리,52,아트
조하준,남,여행,48,아트
서설아,선택안함,요리,36,프로그래머
최시우,선택안함,요리,46,프로그래머
홍준우,남,그림 그리기,41,프로그래머
김수지,선택안함,음악 감상,22,기획
정미연,여,여행,37,프로그래머
박건우,남,독서,39,아트
홍이설,여,여행,34,아트
이시우,선택안함,그림 그리기,35,기획
황도윤,선택안함,그림 그리기,37,프로그래머
조이서,여,여행,53,아트
박미리,여,독서,38,아트
한수지,여,요리,52,기획
박지수,선택안함,게임,26,프로그래머
한미리,여,사진 찍기,54,프로그래머
남궁규리,여,독서,24,기획
김예준,선택안함,요리,21,프로그래머
황지수,여,사진 찍기,48,아트
남궁미리,선택안함,그림 그리기,59,아트
최지민,여,그림 그리기,54,프로그래머
정지수,선택안함,음악 감상,42,프로그래머
이수지,선택안함,여행,29,기획
이미연,여,영화 감상,55,아트
서서준,남,음악 감상,32,프로그래머
홍서준,남,영화 감상,42,아트
박지후,남,독서,30,아트
이지연,선택안함,독서,37,프로그래머
이수지,선택안함,등산,52,아트
박하영,선택안함,영화 감상,52,기획
한하준,남,그림 그리기,55,기획
박건우,남,게임,31,기획
서수지,선택안함,사진 찍기,44,아트
박예준,남,게임,30,기획
이서준,선택안함,음악 감상,28,기획
조하영,여,독서,39,기획
한시우,남,게임,22,아트
박예준,남,영화 감상,35,기획
박수지,여,여행,34,기획
이지수,여,여행,34,기획
황수지,여,그림 그리기,59,프로그래머
최지민,여,독서,48,프로그래머
박설아,선택안함,여행,58,기획
이설아,여,여행,55,프로그래머
한민준,남,독서,25,프로그래머
김시우,남,독서,37,기획
홍민준,남,게임,50,프로그래머
한도현,선택안함,사진 찍기,34,아트
이이서,여,여행,31,기획
조이설,선택안함,영화 감상,32,아트
홍예서,선택안함,사진 찍기,37,아트
한시우,선택안함,영화 감상,23,아트
조현우,선택안함,음악 감상,26,기획
한도윤,남,영화 감상,59,프로그래머
최미주,여,독서,39,프로그래머
조미연,여,영화 감상,55,프로그래머
한미리,여,음악 감상,33,기획
남궁이설,선택안함,영화 감상,34,프로그래머
박하준,남,영화 감상,25,프로그래머
서지연,여,사진 찍기,49,기획
김민준,남,음악 감상,31,기획
김수지,여,독서,50,프로그래머
한미주,여,그림 그리기,52,프로그래머
최예준,선택안함,여행,45,프로그래머
홍민준,남,그림 그리기,35,기획
한규리,선택안함,여행,56,프로그래머
조설아,선택안함,게임,23,프로그래머
남궁지후,선택안함,영화 감상,45,기획
서민준,남,독서,23,프로그래머
박현우,선택안함,영화 감상,49,아트
조규리,여,음악 감상,56,아트
박준우,선택안함,요리,20,아트
김건우,남,음악 감상,52,기획
한서준,남,여행,45,기획
홍예준,남,음악 감상,29,기획
이지연,여,게임,59,기획
김예서,여,독서,35,프로그래머
황준우,남,독서,46,프로그래머
정규리,여,독서,25,기획
서하준,남,게임,60,기획
최미연,여,게임,35,아트
한하영,여,독서,30,프로그래머
서준우,남,등산,45,아트
조예서,선택안함,게임,36,프로그래머
정수지,여,독서,57,아트
최예서,여,독서,37,기획
정현우,남,사진 찍기,21,기획
박건우,남,게임,55,프로그래머
황이서,선택안함,사진 찍기,24,기획
조도윤,선택안함,사진 찍기,22,프로그래머
박미리,여,영화 감상,20,기획
김도현,남,게임,56,프로그래머
서도윤,남,독서,53,아트
홍미주,여,요리,43,아트
홍건우,남,등산,33,기획
김준우,남,그림 그리기,37,기획
김도현,남,요리,48,프로그래머
조하영,여,요리,56,기획
황민준,남,독서,47,기획
정도현,남,등산,37,프로그래머
조서준,선택안함,요리,22,아트
서서준,선택안함,독서,24,기획
한하영,여,사진 찍기,49,기획
최이설,여,요리,34,아트
남궁하영,여,등산,53,프로그래머
김현우,남,등산,56,프로그래머
김준우,남,게임,38,아트
조이설,여,사진 찍기,34,아트
황서준,남,그림 그리기,60,기획
황미주,선택안함,요리,25,기획
홍시우,선택안함,여행,44,아트
최미연,여,요리,49,프로그래머
김이설,선택안함,영화 감상,48,기획
김시우,남,여행,41,기획
조지민,여,게임,59,아트
최미연,선택안함,그림 그리기,31,기획
한예서,선택안함,사진 찍기,47,기획
박서준,남,음악 감상,56,아트
조시우,선택안함,독서,45,기획
한도윤,남,독서,49,기획
이서준,남,영화 감상,33,기획
홍주원,선택안함,그림 그리기,39,프로그래머
홍미리,여,등산,60,기획
홍주원,남,그림 그리기,39,프로그래머
이지민,여,독서,41,기획
홍지연,선택안함,독서,29,아트
정도현,남,요리,24,프로그래머
김주원,남,사진 찍기,49,프로그래머
한미주,선택안함,독서,32,프로그래머
이설아,여,음악 감상,48,아트
홍서준,남,독서,35,기획
최미리,선택안함,게임,56,기획
서준우,남,영화 감상,46,기획
한지연,여,여행,25,프로그래머
황지연,여,음악 감상,59,아트
서지민,여,그림 그리기,32,프로그래머
김민준,남,영화 감상,34,기획
남궁이설,여,영화 감상,57,프로그래머
서미연,선택안함,영화 감상,22,프로그래머
박도윤,남,음악 감상,24,기획
서미리,여,요리,25,프로그래머
최이서,선택안함,게임,60,프로그래머
김서준,남,게임,27,프로그래머
서예서,여,그림 그리기,34,기획
박도현,남,게임,53,아트
김예준,남,그림 그리기,29,아트
최하준,남,독서,23,기획
서하준,남,등산,41,기획
한도현,선택안함,여행,60,프로그래머
한주원,남,음악 감상,23,프로그래머
황지민,여,사진 찍기,39,프로그래머
황설아,선택안함,여행,34,프로그래머
서서준,남,여행,58,프로그래머
서규리,선택안함,여행,37,프로그래머
홍미리,여,음악 감상,53,프로그래머
홍설아,여,그림 그리기,32,프로그래머
최지수,여,영화 감상,34,아트
서미리,선택안함,음악 감상,45,아트
조규리,선택안함,그림 그리기,26,기획
홍현우,선택안함,독서,38,프로그래머
박수지,여,사진 찍기,37,아트
조도윤,남,음악 감상,60,아트
이하준,선택안함,독서,34,아트
최도윤,남,독서,51,프로그래머
이시우,선택안함,사진 찍기,34,기획
한지연,여,독서,39,기획
이미주,여,독서,20,기획
황이설,선택안함,독서,35,기획
홍미연,여,등산,48,프로그래머
서하준,선택안함,독서,59,프로그래머
최지후,남,등산,59,프로그래머
남궁민준,남,음악 감상,34,프로그래머
홍하준,선택안함,독서,33,기획
홍건우,남,여행,37,아트
박설아,선택안함,음악 감상,28,기획
남궁도현,선택안함,그림 그리기,25,기획
홍건우,남,게임,29,프로그래머
김현우,선택안함,음악 감상,41,기획
박서준,선택안함,독서,57,기획
정미연,선택안함,음악 감상,30,아트
남궁하영,여,게임,48,기획
홍지연,여,등산,41,아트
홍현우,남,사진 찍기,20,아트
서이서,여,독서,24,기획
정예서,여,영화 감상,48,기획
홍도현,선택안함,등산,43,프로그래머
조도현,남,요리,46,프로그래머
황하준,선택안함,등산,46,기획
한설아,여,음악 감상,47,아트
최예서,선택안함,음악 감상,23,프로그래머
이도윤,남,사진 찍기,33,기획
한이설,선택안함,게임,51,프로그래머
김예준,선택안함,게임,40,프로그래머
김하준,선택안함,여행,32,아트
조미주,여,음악 감상,31,아트
남궁설아,선택안함,영화 감상,52,기획
황하준,남,등산,48,아트
홍시우,남,독서,29,프로그래머
최도윤,선택안함,등산,49,아트
조지연,여,요리,29,프로그래머
최도윤,남,등산,38,프로그래머
한민준,남,독서,48,아트
박서준,남,독서,52,기획
서예서,여,등산,33,프로그래머
서미리,여,음악 감상,22,아트
황서준,남,독서,57,기획
남궁준우,남,독서,31,프로그래머
최미연,여,게임,20,프로그래머
홍미주,여,독서,29,아트
황건우,남,독서,50,프로그래머
김도윤,남,여행,55,기획
남궁현우,선택안함,여행,57,프로그래머
정이설,선택안함,그림 그리기,32,아트
조주원,선택안함,사진 찍기,60,기획
한수지,여,독서,48,기획
이지수,여,등산,22,기획
한규리,여,여행,45,아트
이미연,여,사진 찍기,50,프로그래머
최이서,여,그림 그리기,30,기획
김준우,남,독서,35,아트
최현우,남,독서,46,아트
서도현,선택안함,독서,32,프로그래머
조설아,여,독서,41,프로그래머
홍미연,여,독서,25,기획
황건우,남,영화 감상,34,프로그래머
박하준,선택안함,그림 그리기,35,프로그래머
황민준,남,등산,36,프로그래머
남궁시우,남,사진 찍기,59,아트
한지연,여,요리,42,아트
홍서준,남,요리,56,기획
조도윤,남,요리,56,기획
황준우,선택안함,게임,47,프로그래머
김서준,남,음악 감상,20,기획
홍주원,선택안함,게임,28,기획
김예서,여,독서,38,아트
김도현,남,사진 찍기,33,아트
한예준,남,요리,39,아트
정예준,선택안함,사진 찍기,36,아트
한건우,남,사진 찍기,40,프로그래머
김수지,선택안함,음악 감상,49,기획
홍시우,선택안함,게임,32,프로그래머
조규리,여,독서,48,기획
이민준,남,등산,28,프로그래머
조민준,남,등산,58,기획
박도윤,남,그림 그리기,27,아트
김예서,선택안함,영화 감상,30,프로그래머
서건우,남,여행,29,아트
남궁시우,선택안함,여행,50,프로그래머
한서준,선택안함,사진 찍기,53,기획
정미연,여,사진 찍기,27,아트
이건우,남,독서,27,프로그래머
박민준,선택안함,그림 그리기,21,아트
조도현,선택안함,영화 감상,49,기획
정주원,선택안함,독서,55,프로그래머
정민준,남,음악 감상,59,프로그래머
홍하영,여,영화 감상,28,아트
서지후,선택안함,영화 감상,48,아트
한건우,남,그림 그리기,38,아트
한예서,여,음악 감상,55,기획
서지수,선택안함,독서,26,기획
한서준,남,게임,29,기획
홍지후,남,영화 감상,39,아트
황서준,남,영화 감상,44,프로그래머
박지민,여,여행,41,아트
조서준,선택안함,요리,27,아트
조준우,남,영화 감상,29,기획
조하준,선택안함,독서,60,기획
홍미리,여,독서,51,기획
남궁지연,선택안함,요리,38,프로그래머
김예서,여,그림 그리기,57,프로그래머
황미주,여,독서,22,기획
정도현,남,그림 그리기,43,프로그래머
박예서,여,등산,59,프로그래머
박지수,여,여행,31,기획
최하준,남,독서,59,프로그래머
남궁하준,선택안함,요리,38,기획
서미리,여,독서,33,아트
박설아,여,요리,51,프로그래머
황설아,여,독서,22,아트
서지연,선택안함,게임,52,기획
최지후,선택안함,독서,51,아트
황규리,선택안함,독서,50,기획
홍서준,남,게임,49,기획
최준우,남,영화 감상,27,프로그래머
황시우,선택안함,음악 감상,53,아트
황지수,선택안함,사진 찍기,51,프로그래머
홍미리,여,독서,47,아트
박시우,남,독서,53,프로그래머
박이설,여,사진 찍기,37,아트
정지민,여,영화 감상,25,기획
남궁이서,여,요리,39,기획
홍지수,선택안함,게임,59,기획
이미주,여,음악 감상,30,프로그래머
박미리,여,여행,31,아트
정도윤,선택안함,영화 감상,29,프로그래머
박도윤,남,등산,47,프로그래머
정현우,남,등산,28,프로그래머
김시우,남,요리,21,아트
김주원,남,독서,22,기획
홍이설,여,그림 그리기,39,프로그래머
박미연,선택안함,영화 감상,21,프로그래머
